country,year,co2,co2_per_capita,cement_co2,cement_co2_per_capita,coal_co2,coal_co2_per_capita,flaring_co2,gas_co2,gas_co2_per_capita,oil_co2,oil_co2_per_capita,co2_growth_prct,co2_per_gdp,methane,methane_per_capita,nitrous_oxide,nitrous_oxide_per_capita,population,gdp,energy_per_gdp,Avg Temperature,Avg Temperature Uncertainty
United States,1800,0.253,0.042,,,0.253,0.042,,,,,,,,,,,,6000000,,,12.37786752136751,3.2056282051282063
United States,1801,0.267,0.044,,,0.267,0.044,,,,,,5.8,,,,,,6113782,,,12.681863247863243,2.895416666666663
United States,1802,0.289,0.046,,,0.289,0.046,,,,,,8.22,,,,,,6229723,,,12.859702991452982,3.065702991452991
United States,1803,0.297,0.047,,,0.297,0.047,,,,,,2.53,,,,,,6347862,,,12.69260256410257,3.06503205128205
United States,1804,0.333,0.052,,,0.333,0.052,,,,,,12.35,,,,,,6468241,,,12.576431623931622,3.3795149572649565
United States,1805,0.341,0.052,,,0.341,0.052,,,,,,2.2,,,,,,6590903,,,12.599647435897433,3.106361111111111
United States,1806,0.333,0.05,,,0.333,0.05,,,,,,-2.15,,,,,,6715891,,,12.048269230769227,3.067561965811965
United States,1807,0.377,0.055,,,0.377,0.055,,,,,,13.19,,,,,,6843249,,,11.88454273504272,3.124993589743593
United States,1808,0.392,0.056,,,0.392,0.056,,,,,,3.88,,,,,,6973023,,,11.949341880341885,3.2354166666666684
United States,1809,0.403,0.057,,,0.403,0.057,,,,,,2.8,,,,,,7105258,,,11.329232905982906,3.485136752136754
United States,1810,0.418,0.057,,,0.418,0.057,,,,,,3.64,,,,,,7302908,,,11.5583376068376,3.7061452991453008
United States,1811,0.447,0.06,,,0.447,0.06,,,,,,7.02,,,,,,7502686,,,11.016891025641023,3.704410256410257
United States,1812,0.484,0.063,,,0.484,0.063,,,,,,8.2,,,,,,7728031,,,8.997356837606834,3.3003205128205146
United States,1813,0.52,0.065,,,0.52,0.065,,,,,,7.58,,,,,,7980135,,,10.609561965811972,3.514335470085472
United States,1814,0.561,0.068,,,0.561,0.068,,,,,,7.75,,,,,,8240464,,,10.68153632478633,3.4365170940170953
United States,1815,0.601,0.071,,,0.601,0.071,,,,,,7.19,,,,,,8509285,,,9.188040598290602,3.3650555555555566
United States,1816,0.663,0.076,,,0.663,0.076,,,,,,10.37,,,,,,8786876,,,8.842373931623925,3.4987970085470113
United States,1817,0.718,0.079,,,0.718,0.079,,,,,,8.29,,,,,,9073523,,,9.073149572649566,3.2819615384615406
United States,1818,0.78,0.083,,,0.78,0.083,,,,,,8.67,,,,,,9369520,,,9.786190170940166,3.5387371794871756
United States,1819,0.762,0.079,,,0.762,0.079,,,,,,-2.35,,,,,,9667277,,,8.382194444444458,3.2422029914529915
United States,1820,0.791,0.079,,,0.791,0.079,,,,,,3.85,0.03,,,,,9966626,26689673088,,10.038561507936516,2.7341011904761925
United States,1821,0.828,0.081,,,0.828,0.081,,,,,,4.63,0.03,,,,,10267384,27963712972.8,,10.073723320158093,2.9573142292490124
United States,1822,0.865,0.082,,,0.865,0.082,,,,,,4.42,0.029,,,,,10569360,29657565537.6,,10.909015238095233,2.6020476190476196
United States,1823,0.901,0.083,,,0.901,0.083,,,,,,4.24,0.03,,,,,10872345,30226766223.2,,10.268801136363622,2.709138257575758
United States,1824,1.015,0.091,,,1.015,0.091,,,,,,12.6,0.032,,,,,11184015,31981950907.2,,10.845473484848487,2.8698958333333326
United States,1825,1.136,0.099,,,1.136,0.099,,,,,,11.91,0.034,,,,,11504621,33619607324.8,,11.504094696969695,2.5482310606060574
United States,1826,1.315,0.111,,,1.315,0.111,,,,,,15.81,0.038,,,,,11834416,34809625536,,11.102077651515145,2.6013579545454513
United States,1827,1.447,0.119,,,1.447,0.119,,,,,,10.03,0.04,,,,,12173666,35893989282.4,,11.422251893939391,2.7095587121212112
United States,1828,1.594,0.127,,,1.594,0.127,,,,,,10.13,0.043,,,,,12522641,36860850474.4,,11.057409807355517,2.9313380035026277
United States,1829,1.795,0.139,,,1.795,0.139,,,,,,12.64,0.049,,,,,12879737,36568665734.4,,10.08960590277777,3.0142604166666658
United States,1830,2.088,0.158,,,2.088,0.158,,,,,,16.33,0.052,,,,,13245133,40238457216,,10.098588541666665,2.8917465277777765
United States,1831,2.264,0.166,,,2.264,0.166,,,,,,8.42,0.051,,,,,13619015,44058066093.6,,8.629642361111099,3.4648211805555533
United States,1832,3.023,0.216,,,3.023,0.216,,,,,,33.5,0.064,,,,,14001568,47056559680,,9.928968750000006,2.915085069444446
United States,1833,3.528,0.245,,,3.528,0.245,,,,,,16.73,0.07,,,,,14392986,50149631001.6,,10.454307291666662,2.476217013888891
United States,1834,3.382,0.229,,,3.382,0.229,,,,,,-4.15,0.069,,,,,14795346,49144817612,,10.651701388888894,2.752
United States,1835,4.316,0.284,,,4.316,0.284,,,,,,27.63,0.082,,,,,15208954,52437618464,,9.453591836734697,2.3230136054421773
United States,1836,4.73,0.303,,,4.73,0.303,,,,,,9.59,0.086,,,,,15634125,54660301303.2,,9.111096938775512,2.5067789115646275
United States,1837,5.305,0.33,,,5.305,0.33,,,,,,12.16,0.098,,,,,16071181,54343589886.4,,9.683311224489797,2.508852040816326
United States,1838,5.031,0.304,,,5.031,0.304,,,,,,-5.18,0.091,,,,,16520455,55243119064,,9.38524149659864,2.735076530612247
United States,1839,5.518,0.325,,,5.518,0.325,,,,,,9.69,0.093,,,,,16991513,59390148406.4,,10.331746598639453,2.236819727891158
United States,1840,5.873,0.336,,,5.873,0.336,,,,,,6.44,0.101,,,,,17485246,57903948524.8,,10.175596938775513,2.247246598639454
United States,1841,6.214,0.345,,,6.214,0.345,,,,,,5.8,0.106,,,,,18002579,58728367808,,9.978183673469394,2.045061224489797
United States,1842,6.918,0.373,,,6.918,0.373,,,,,,11.32,0.115,,,,,18544472,60163726066.4,,10.299613945578232,2.035545918367347
United States,1843,7.764,0.406,,,7.764,0.406,,,,,,12.24,0.123,,,,,19111919,63127604872.8,,9.453945578231293,2.004110544217688
United States,1844,9.307,0.472,,,9.307,0.472,,,,,,19.87,0.136,,,,,19696730,68682588624,,10.023088435374152,1.8749676870748304
United States,1845,11.205,0.552,,,11.205,0.552,,,,,,20.39,0.156,,,,,20299435,71880057093.6,,10.304035714285705,2.13738605442177
United States,1846,12.71,0.608,,,12.71,0.608,,,,,,13.44,0.171,,,,,20920583,74456426491.2,,9.995141156462584,2.205493197278913
United States,1847,15.07,0.699,,,15.07,0.699,,,,,,18.56,0.192,,,,,21560737,78625611864,,9.661581632653071,2.32440306122449
United States,1848,16.785,0.755,,,16.785,0.755,,,,,,11.38,0.202,,,,,22220480,82933099513.6,,9.965962585034019,2.135702380952383
United States,1849,18.221,0.796,,,18.221,0.796,,,,,,8.56,0.22,,,,,22899875,82996214760,,9.927218333333336,1.9587466666666655
United States,1850,19.793,0.839,,,19.793,0.839,,,,,,8.63,0.231,,,,,23599506,85638315600,,10.188081666666664,1.800596666666667
United States,1851,24.633,1.012,,,24.633,1.012,,,,,,24.45,0.267,,,,,24334712,92211324852,,10.42150333333333,1.8148849999999985
United States,1852,26.791,1.068,,,26.791,1.068,,,,,,8.76,0.267,,,,,25092277,100197811450.4,,10.046786666666664,1.8215083333333355
United States,1853,30.162,1.166,,,30.162,1.166,,,,,,12.58,0.272,,,,,25872879,110970549360,,10.398273333333329,1.5861633333333323
United States,1854,33.159,1.243,,,33.159,1.243,,,,,,9.94,0.29,,,,,26677755,114357382852.8,,10.767344999999994,1.701431666666667
United States,1855,38.161,1.387,,,38.161,1.387,,,,,,15.08,0.331,,,,,27507660,115306487337.6,,10.353334999999992,1.6613716666666676
United States,1856,40.037,1.412,,,40.037,1.412,,,,,,4.92,0.33,,,,,28363372,121205905184,,9.488553333333316,1.5243666666666684
United States,1857,41.055,1.404,,,41.055,1.404,,,,,,2.54,0.336,,,,,29245692,122030283328,,9.752296666666668,1.326246666666667
United States,1858,41.649,1.381,,,41.649,1.381,,,,,,1.45,0.33,,,,,30155449,126084338078.4,,10.278393333333328,1.4954083333333337
United States,1859,45.32,1.46,,,45.32,1.46,,,,,,8.81,0.341,,,,,31050019,133003074739.2,,9.912584999999996,1.4009900000000002
United States,1860,47.438,1.486,,,47.236,1.48,,,,0.202,0.006,4.67,0.338,,,,,31927846,140151915801.6,,10.422126666666673,1.3761900000000011
United States,1861,45.679,1.393,,,44.818,1.367,,,,0.861,0.026,-3.71,0.324,,,,,32787298,140904346627.2,,10.443573333333338,1.405408333333333
United States,1862,47.449,1.411,,,46.199,1.374,,,,1.249,0.037,3.87,0.318,,,,,33626668,149041978646.4,,10.080339999999994,1.5674450000000009
United States,1863,54.81,1.591,,,53.744,1.56,,,,1.066,0.031,15.51,0.337,,,,,34444166,162622113416,,10.179698333333345,1.657813333333334
United States,1864,58.657,1.662,,,57.792,1.638,,,,0.865,0.024,7.02,0.341,,,,,35281525,172058502265.6,,10.127243333333327,1.4707633333333343
United States,1865,58.822,1.628,,,57.8,1.599,,,,1.022,0.028,0.28,0.352,,,,,36139228,167081483135.2,,10.422493333333344,1.3939933333333323
United States,1866,59.232,1.6,,,57.763,1.56,,,,1.469,0.04,0.7,0.349,,,,,37017769,169592857739.2,,10.032613333333337,1.2386466666666671
United States,1867,72.866,1.922,,,71.499,1.886,,,,1.367,0.036,23.02,0.407,,,,,37917653,179172488140.8,,10.084905000000003,1.4678899999999977
United States,1868,82.352,2.12,,,80.861,2.082,,,,1.491,0.038,13.02,0.444,,,,,38839399,185632047049.6,,9.65404833333333,1.3112749999999993
United States,1869,93.696,2.356,,,91.97,2.312,,,,1.726,0.043,13.77,0.481,,,,,39776936,194685253820,,9.886193333333331,1.3590816666666663
United States,1870,98.62,2.421,,,96.572,2.371,,,,2.048,0.05,5.26,0.51,,,,,40730489,193277587385.6,,10.70376666666666,1.296011666666668
United States,1871,103.021,2.47,,,101.002,2.422,,,,2.019,0.048,4.46,0.51,,,,,41700283,202148962748.8,,10.535075000000008,1.172461666666666
United States,1872,126.305,2.959,,,123.894,2.902,,,,2.411,0.056,22.6,0.6,,,,,42686547,210342271532.8,,9.630298333333332,1.2976883333333347
United States,1873,139.507,3.193,,,135.656,3.105,,,,3.851,0.088,10.45,0.632,,,,,43689508,220907887712,,9.709020000000006,1.0433233333333336
United States,1874,134.297,3.003,,,129.973,2.907,,,,4.324,0.097,-3.73,0.612,,,,,44716018,219512014086.4,,10.408506666666673,1.0443816666666665
United States,1875,135.748,2.966,,,132.318,2.891,,,,3.43,0.075,1.08,0.588,,,,,45766631,230981045812,,9.230991666666661,0.8735733333333335
United States,1876,132.82,2.836,,,129.336,2.761,,,,3.484,0.074,-2.16,0.568,,,,,46841911,233741795961.6,,9.965623333333339,1.0212183333333347
United States,1877,147.176,3.07,,,141.998,2.962,,,,5.177,0.108,10.81,0.61,,,,,47942438,241295485320,,10.676490000000003,1.1836750000000016
United States,1878,143.904,2.933,,,137.847,2.809,,,,6.057,0.123,-2.22,0.572,,,,,49068804,251432413036.8,,11.05303833333333,0.9747583333333324
United States,1879,175.469,3.494,,,167.606,3.337,,,,7.863,0.157,21.94,0.621,,,,,50222152,282359413440,,10.469568333333331,0.9112266666666659
United States,1880,198.684,3.865,0,0,188.3,3.663,,,,10.384,0.202,13.23,0.629,,,,,51403129,315651604156.8,,10.301181666666675,0.8937899999999996
United States,1881,210.193,3.995,0,0,199.278,3.788,,,,10.915,0.208,5.79,0.643,,,,,52612396,326883215131.2,,10.71237,0.7959033333333335
United States,1882,235.394,4.371,0,0,223.262,4.146,,0.165,0.003,11.967,0.222,11.99,0.677,,,,,53850630,347742878631.2,,10.389288333333342,0.6869316666666674
United States,1883,253.883,4.606,0,0,244.495,4.436,,0.381,0.007,9.006,0.163,7.85,0.713,,,,,55118525,356232974603.2,,9.959143790849671,0.7409019607843136
United States,1884,267.59,4.743,0,0,257.301,4.561,,1.172,0.021,9.116,0.162,5.4,0.738,,,,,56416253,362653656968,,10.151493464052296,0.7695490196078437
United States,1885,272.162,4.713,0,0,260.313,4.508,,3.715,0.064,8.134,0.141,1.71,0.745,,,,,57744514,365398841072.8,,9.900197712418304,0.7421258169934637
United States,1886,287.463,4.864,0,0,269.062,4.552,,7.676,0.13,10.725,0.182,5.62,0.764,,,,,59104027,376420563705.6,,10.165411764705883,0.7483513071895425
United States,1887,307.381,5.081,0.001,0,284.825,4.708,,11.787,0.195,10.768,0.178,6.93,0.781,,,,,60495526,393366417273.6,,10.358261437908492,0.7716748366013068
United States,1888,373.875,6.038,0.001,0,346.574,5.597,,16.774,0.271,10.527,0.17,21.63,0.955,,,,,61919765,391556451888,,10.059766339869268,0.7721699346405224
United States,1889,335.542,5.299,0.001,0,309.777,4.892,,12.227,0.193,13.538,0.214,-10.25,0.807,,,,,63326138,415860046233.6,,10.851609477124176,0.6569575163398688
United States,1890,401.747,6.208,0.001,0,372.27,5.753,,11.688,0.181,17.789,0.275,19.73,0.952,,,,,64713188,421879369420.8,,10.816651960784315,0.7162532679738556
United States,1891,427.425,6.468,0.001,0,397.225,6.011,,8.947,0.135,21.251,0.322,6.39,0.971,,,,,66079404,440079361785.6,,10.551176470588247,0.5654281045751635
United States,1892,450.449,6.681,0.001,0,423.045,6.274,,7.775,0.115,19.628,0.291,5.39,0.933,,,,,67423217,482816894270.4,,10.101385620915025,0.609862745098039
United States,1893,454.095,6.606,0.001,0,428.105,6.228,,7.288,0.106,18.701,0.272,0.81,0.988,,,,,68743000,459473434857.6,,10.015356209150328,0.5556437908496729
United States,1894,425.05,6.064,0.001,0,399.376,5.698,,6.698,0.096,18.976,0.271,-6.4,0.953,,,,,70088593,446220991814.4,,10.85753267973856,0.5403480392156856
United States,1895,479.948,6.716,0.001,0,452.372,6.33,,7.042,0.098,20.533,0.287,12.92,0.96,,,,,71460501,500098681546.4,,10.056743464052284,0.4613022875816997
United States,1896,480.882,6.6,0.001,0,450.196,6.179,,6.848,0.094,23.838,0.327,0.19,0.981,,,,,72859236,489991419049.6,,10.78518300653594,0.4637826797385621
United States,1897,500.287,6.735,0.001,0,469.465,6.32,,7.288,0.098,23.534,0.317,4.04,0.932,,,,,74285324,536744982093.6,,10.657982026143792,0.522049019607843
United States,1898,545.321,7.2,0.001,0,515.353,6.804,,8.46,0.112,21.508,0.284,9,0.995,,,,,75739298,547964935247.2,,10.708743464052288,0.5128594771241826
United States,1899,625.534,8.099,0.001,0,592.45,7.671,,10.904,0.141,22.178,0.287,14.71,1.047,,,,,77231772,597660502613.6,,10.394813725490204,0.45719607843137294
United States,1900,662.738,8.414,0.001,0,626.544,7.955,,11.542,0.146,24.651,0.313,5.95,1.079,,,,,78763706,613998101539.2,,11.21621568627451,0.4740147058823531
United States,1901,721.528,8.981,0.002,0,681.541,8.484,,12.861,0.16,27.125,0.338,8.87,1.056,,,,,80336086,683106048921.6,,10.531281045751625,0.45045424836601317
United States,1902,764.496,9.329,0.002,0,715.931,8.736,,13.692,0.167,34.87,0.426,5.96,1.108,,,,,81949920,690126914932,,10.568482026143792,0.4426062091503266
United States,1903,894.407,10.698,0.003,0,840.042,10.048,,14.524,0.174,39.839,0.476,16.99,1.236,,,,,83606240,723766355208,,10.174246732026136,0.47348856209150353
United States,1904,882.058,10.341,0.003,0,818.27,9.593,,15.162,0.178,46.789,0.548,-1.38,1.234,,,,,85296008,714621863124,,9.961833333333338,0.42175163398692805
United States,1905,986.482,11.336,0.003,0,913.479,10.497,,17.166,0.197,53.853,0.619,11.84,1.285,,,,,87019897,767532723804,,10.272663398692806,0.3900163398692811
United States,1906,1035.471,11.664,0.004,0,964.05,10.859,,19.016,0.214,50.274,0.566,4.97,1.21,,,,,88778597,855994274856,,10.768692810457516,0.38920915032679754
United States,1907,1203.861,13.292,0.005,0,1115.249,12.313,,19.866,0.219,66.688,0.736,16.26,1.385,,,,,90572810,869070562416,,10.332133986928106,0.33435130718954237
United States,1908,1052.813,11.394,0.005,0,959.763,10.387,,19.665,0.213,71.547,0.774,-12.55,1.317,,,,,92403252,799355551585.5,,10.934315359477127,0.38989052287581716
United States,1909,1165.706,12.379,0.006,0,1066.609,11.327,,23.508,0.25,73.236,0.778,10.72,1.31,,,,,94167861,890110047879,,10.536611111111101,0.31662418300653616
United States,1910,1271.582,13.264,0.007,0,1160.396,12.105,,24.901,0.26,83.931,0.876,9.08,1.422,,,,,95863718,893975420730.9,,10.845725490196083,0.31905392156862705
United States,1911,1258.667,12.911,0.007,0,1143.128,11.726,,25.087,0.257,88.17,0.904,-1.02,1.372,,,,,97487822,917451792296.2,,11.025709150326799,0.34556209150326767
United States,1912,1343.565,13.566,0.007,0,1224.395,12.363,,27.495,0.278,89.321,0.902,6.75,1.407,,,,,99037086,954787401171.3,,10.0340522875817,0.3374232026143792
United States,1913,1442.542,14.352,0.008,0,1304.578,12.98,,28.458,0.283,107.077,1.065,7.37,1.462,,,,,100508338,986598461256.4,,10.994361111111113,0.3301356209150327
United States,1914,1317.98,12.921,0.008,0,1172.136,11.491,,28.946,0.284,114.617,1.124,-8.63,1.456,,,,,102001413,905134495860,,10.671148692810473,0.36409640522875814
United States,1915,1367.697,13.212,0.008,0,1213.597,11.724,,30.741,0.297,120.93,1.168,3.77,1.478,,,,,103516631,925041170368.8,,10.693993464052287,0.33309150326797393
United States,1916,1518.981,14.459,0.008,0,1345.443,12.807,,36.834,0.351,133.981,1.275,11.06,1.452,,,,,105054323,1046397554243.6,,10.31079248366013,0.341295751633987
United States,1917,1670.971,15.673,0.008,0,1481.645,13.897,,38.882,0.365,147.941,1.388,10.01,1.648,,,,,106614820,1014196370726,,9.575619281045752,0.3811225490196081
United States,1918,1747.718,16.162,0.006,0,1551.136,14.344,,35.259,0.326,159.19,1.472,4.59,1.59,,,,,108135496,1099047314156.4,,10.709619281045756,0.30335620915032674
United States,1919,1479.159,13.485,0.007,0,1261.251,11.499,,36.482,0.333,179.217,1.634,-15.37,1.342,,,,,109687474,1102169677581.9,,10.836106209150332,0.333705882352941
United States,1920,1738.246,15.622,0.009,0,1465.534,13.171,,39.71,0.357,230.645,2.073,17.52,1.602,,,,,111271341,1085155001375.1,,10.325166666666663,0.3590800653594772
United States,1921,1423.669,12.611,0.009,0,1142.651,10.122,,32.961,0.292,246.36,2.182,-18.1,1.35,,,,,112887696,1054213678802,,11.918338235294124,0.3291846405228758
United States,1922,1435.758,12.535,0.01,0,1112.892,9.716,,37.948,0.331,282.488,2.466,0.85,1.298,,,,,114537147,1105913385205.2,,11.032232026143793,0.3101209150326797
United States,1923,1896.736,16.32,0.012,0,1509.469,12.988,,50.127,0.431,334.413,2.877,32.11,1.524,,,,,116220314,1244263787041,,10.70716503267974,0.2787222222222225
United States,1924,1698.32,14.401,0.013,0,1313.207,11.136,,56.829,0.482,325.557,2.761,-10.46,1.332,,,,,117928215,1274653987854,,10.026761437908503,0.2853643790849675
United States,1925,1758.098,14.692,14.119,0.118,1340.481,11.202,,59.174,0.494,341.244,2.852,3.52,1.356,,,,,119661215,1296540087248,,11.08126307189542,0.3169950980392157
United States,1926,1905.959,15.697,14.416,0.119,1477.933,12.172,,65.336,0.538,345.266,2.844,8.41,1.388,,,,,121419682,1372770969604.6,,10.587552287581712,0.2923022875816993
United States,1927,1862.746,15.119,14.974,0.122,1376.693,11.174,,71.939,0.584,396.207,3.216,-2.27,1.352,,,,,123203991,1378144613845.8,,10.993617647058832,0.2482173202614379
United States,1928,1830.87,14.645,15.322,0.123,1330.158,10.64,,78.054,0.624,404.402,3.235,-1.71,1.322,,,,,125014520,1385247267999,,10.810995098039207,0.2808905228758166
United States,1929,1963.414,15.502,14.903,0.118,1404.59,11.09,,95.462,0.754,445.598,3.518,7.24,1.344,,,,,126654267,1461345494248.5,,10.443965686274527,0.2692859477124184
United States,1930,1744.828,13.619,14.198,0.111,1238.166,9.664,,96.784,0.755,393.407,3.071,-11.13,1.319,,,,,128119335,1322627046342.8,,11.027148692810464,0.25262254901960784
United States,1931,1484.893,11.475,10.743,0.083,1021.482,7.894,,84.214,0.651,366.621,2.833,-14.9,1.2,,,,,129405760,1237725761432.2,,11.85658496732026,0.2553104575163398
United States,1932,1257.773,9.637,6.615,0.051,834.233,6.392,,77.955,0.597,337.65,2.587,-15.3,1.196,,,,,130509510,1051216949918.4,,10.994947712418298,0.27406699346405233
United States,1933,1348.842,10.263,5.553,0.042,889.861,6.771,,78.102,0.594,373.787,2.844,7.24,1.328,,,,,131426486,1015524967410,,11.40904248366013,0.26138235294117673
United States,1934,1436.196,10.852,6.857,0.052,963.92,7.283,,88.812,0.671,374.993,2.833,6.48,1.305,,,,,132349904,1100529982580.4,,11.578078431372546,0.24461601307189568
United States,1935,1492.28,11.197,6.643,0.05,982.156,7.369,,96.294,0.722,405.206,3.04,3.91,1.206,,,,,133279810,1237782342557.4,,10.769601307189546,0.23718790849673216
United States,1936,1713.35,12.766,9.889,0.074,1143.798,8.522,,108.813,0.811,448.356,3.341,14.81,1.26,,,,,134216250,1359902403644.4,,10.92725326797385,0.25112908496732006
United States,1937,1792.546,13.262,10.304,0.076,1144.951,8.471,,120.942,0.895,513.635,3.8,4.62,1.226,,,,,135159270,1462308683989.6,,10.815973856209153,0.24487745098039226
United States,1938,1515.693,11.136,9.182,0.068,906.794,6.662,,115.32,0.847,482.196,3.543,-15.44,1.104,,,,,136108915,1373407807593.6,,11.6230751633987,0.22725490196078443
United States,1939,1670.854,12.173,10.726,0.078,1024.988,7.468,,124.122,0.904,508.158,3.702,10.24,1.137,,,,,137254990,1469481111625.9,,11.472596405228748,0.23061764705882362
United States,1940,1874.914,13.527,11.477,0.083,1168.882,8.433,,133.707,0.965,557.62,4.023,12.21,1.178,,,,,138601511,1592319812042.4,,10.563045751633995,0.21651633986928082
United States,1941,2043.496,14.58,14.431,0.103,1294.762,9.238,,141.533,1.01,588.735,4.201,8.99,1.126,,,,,140152562,1815098662467.4,,11.383566993464045,0.22288888888888905
United States,1942,2198.166,15.49,15.986,0.113,1458.597,10.278,,153.855,1.084,565.693,3.986,7.57,1.092,,,,,141912292,2013171028423.2,,10.977372549019606,0.2168856209150326
United States,1943,2271.985,15.79,11.967,0.083,1470.803,10.222,,171.952,1.195,612.936,4.26,3.36,1.031,,,,,143884915,2203245442932.8,,10.868919934640523,0.22051960784313748
United States,1944,2444.854,16.759,7.982,0.055,1545.85,10.596,,186.574,1.279,700.12,4.799,7.61,1.035,,,,,145884958,2361835523186.4,,10.993537581699345,0.22218300653594758
United States,1945,2359.495,15.952,9.058,0.061,1421.423,9.61,,197.676,1.336,727.377,4.918,-3.49,1.019,,,,,147912803,2314667611553.2,,10.878183006535947,0.20860947712418312
United States,1946,2257.404,15.052,14.563,0.097,1298.758,8.66,,203.103,1.354,737.018,4.914,-4.33,1.073,,,,,149968835,2103900895010,,11.526700980392162,0.19461764705882376
United States,1947,2485.752,16.348,16.545,0.109,1449.231,9.531,,224.086,1.474,791.342,5.204,10.12,1.2,,,,,152053446,2070709141273.6,,10.912526143790855,0.19782189542483652
United States,1948,2582.445,16.751,18.304,0.119,1433.19,9.296,,251.765,1.633,874.345,5.671,3.89,1.191,,,,,154167035,2168923167816.3,,10.835919934640524,0.18811764705882358
United States,1949,2164.747,13.84,18.672,0.119,1063.102,6.797,,265.068,1.695,813.723,5.202,-16.17,1.018,,,,,156416114,2126235565440,,11.419161764705873,0.20206862745098017
United States,1950,2541.361,16.003,20.001,0.126,1257.232,7.917,43.122,319.219,2.01,896.801,5.647,17.4,1.095,,,,,158804397,2320610040000,,10.660202614379092,0.20533986928104572
United States,1951,2618.576,16.277,21.905,0.136,1211.599,7.531,42.7,376.209,2.339,960.662,5.972,3.04,1.048,,,,,160872264,2497407750000,,10.698598039215696,0.25646895424836624
United States,1952,2551.082,15.625,22.119,0.136,1074.173,6.579,45.683,402.787,2.467,1000.967,6.131,-2.58,0.985,,,,,163266026,2590801532000,,11.29657843137254,0.1695964052287582
United States,1953,2612.826,15.748,23.376,0.141,1065.955,6.425,43.62,423.342,2.552,1050.079,6.329,2.42,0.964,,,,,165909996,2709832728000,,11.86982026143792,0.17757843137254892
United States,1954,2489.314,14.753,23.982,0.142,913.446,5.414,38.952,444,2.631,1063.212,6.301,-4.73,0.925,,,,,168736390,2691885312000,,11.604602941176466,0.20868627450980395
United States,1955,2728.348,15.892,26.42,0.154,1026.22,5.977,41.645,479.193,2.791,1147.902,6.686,9.6,0.947,,,,,171685337,2882221470000,,10.97286601307188,0.20118954248366006
United States,1956,2859.82,16.369,28.216,0.162,1068.358,6.115,46.529,505.889,2.896,1203.787,6.89,4.82,0.973,,,,,174705006,2938405491000,,11.074885620915015,0.22728267973856212
United States,1957,2835.606,15.953,26.839,0.151,1024.081,5.761,43.558,540.645,3.042,1193.662,6.715,-0.85,0.947,,,,,177751477,2993553504000,,11.221370915032681,0.3582875816993466
United States,1958,2746.937,15.194,27.587,0.153,888.344,4.914,34.097,570.701,3.157,1220.046,6.748,-3.13,0.927,,,,,180788387,2963550372000,,10.706732026143795,0.2731552287581701
United States,1959,2831.737,15.408,30.048,0.164,910.978,4.957,30.756,593.21,3.228,1258.457,6.847,3.09,0.89,,,,,183786249,3183157000000,,11.196589869281047,0.24590359477124196
United States,1960,2897.138,15.516,28.621,0.153,917.964,4.916,30.316,630.025,3.374,1281.631,6.864,2.31,0.888,,,,,186720570,3262376247000,,10.692209150326796,0.23306372549019597
United States,1961,2886.696,15.228,28.522,0.15,887.443,4.681,28.198,636.415,3.357,1297.316,6.844,-0.36,0.865,,,,,189569850,3338583925000,,10.920666666666671,0.22493137254901954
United States,1962,2993.718,15.567,29.695,0.154,920.818,4.788,22.922,676.367,3.517,1334.748,6.94,3.71,0.846,,,,,192313747,3539745088000,,10.792379084967326,0.272235294117647
United States,1963,3126.294,16.038,31.242,0.16,987.008,5.063,20.65,718.455,3.686,1359.256,6.973,4.43,0.847,,,,,194932400,3692868388000,,10.898488562091497,0.22810947712418317
United States,1964,3264.111,16.535,32.822,0.166,1049.177,5.315,18.412,759.072,3.845,1393.919,7.061,4.41,0.836,,,,,197408497,3906860040000,,10.905885620915035,0.21960457516339868
United States,1965,3399.342,17.019,33.09,0.166,1090.619,5.46,17.188,782.605,3.918,1464.691,7.333,4.14,0.818,,,,,199733679,4156141170000,3.501,10.834111111111124,0.26788235294117624
United States,1966,3571.209,17.688,34.36,0.17,1132.718,5.61,20.233,842.207,4.172,1529.661,7.576,5.06,0.806,,,,,201895760,4428300240000,3.473,10.676070261437905,0.22808986928104566
United States,1967,3705.254,18.172,33.387,0.164,1163.049,5.704,26.384,881.284,4.322,1589.194,7.794,3.75,0.816,,,,,203905081,4538979504000,3.507,10.753818627450972,0.24454411764705905
United States,1968,3840.702,18.662,35.102,0.171,1139.603,5.537,27.817,936.361,4.55,1689.423,8.209,3.66,0.808,,,,,205805756,4754925846000,3.548,10.682679738562083,0.22133496732026142
United States,1969,4034.926,19.43,35.477,0.171,1158,5.576,28.315,1018.083,4.903,1781.627,8.58,5.06,0.823,,,,,207659274,4903770015000,3.631,10.730712418300655,0.2184640522875816
United States,1970,4339.471,20.712,34.709,0.166,1168.091,5.575,26.249,1059.211,5.056,2038.082,9.728,7.55,0.883,,,,,209513340,4912635816000,3.746,10.848325163398698,0.21554738562091502
United States,1971,4365.247,20.651,35.291,0.167,1107.406,5.239,15.261,1096.927,5.189,2097.305,9.922,0.59,0.862,,,,,211384079,5065682434000,3.703,10.89788071895426,0.21149019607843145
United States,1972,4572.791,21.441,36.299,0.17,1124.841,5.274,13.308,1115.673,5.231,2269.174,10.64,4.75,0.857,,,,,213269805,5334296944000,3.704,10.600263071895418,0.2266797385620915
United States,1973,4784.823,22.236,36.69,0.17,1212.439,5.635,13.187,1105.2,5.136,2403.224,11.168,4.64,0.849,,,,,215178797,5637203218000,3.644,11.416013071895426,0.23974836601307184
United States,1974,4620.82,21.283,36.58,0.168,1199.597,5.525,8.9,1055.085,4.86,2306.282,10.622,-3.43,0.822,,,,,217114898,5621366244000,3.565,11.126748366013077,0.2401356209150327
United States,1975,4478.038,20.44,30.276,0.138,1168.057,5.332,7.112,992.428,4.53,2267.402,10.35,-3.09,0.799,,,,,219081250,5605795188000,3.484,10.989019607843131,0.24931045751633993
United States,1976,4747.563,21.474,32.171,0.146,1309.642,5.924,7.339,1021.939,4.622,2362.976,10.688,6.02,0.805,,,,,221086427,5899591030000,3.493,10.64697712418302,0.24888235294117647
United States,1977,4889.398,21.912,33.77,0.151,1327.837,5.951,7.262,991.627,4.444,2515.626,11.274,2.99,0.793,,,,,223135659,6166912239000,3.428,11.232166666666664,0.21773202614379095
United States,1978,4941.142,21.939,35.397,0.157,1379.717,6.126,8.123,989.137,4.392,2515.199,11.168,1.06,0.758,,,,,225223307,6518624310000,3.259,10.445183006535952,0.24889052287581695
United States,1979,5008.359,22.03,35.719,0.157,1443.848,6.351,8.867,1035.888,4.557,2470.1,10.865,1.36,0.743,,,,,227339321,6740172195000,3.19,10.55230882352942,0.2241813725490199
United States,1980,4808.296,20.953,32.719,0.143,1484.466,6.469,6.69,1017.996,4.436,2253.808,9.822,-3.99,0.713,,,,,229476360,6743208295893,3.074,11.070566993464054,0.1994444444444445
United States,1981,4686.172,20.231,31.765,0.137,1535.712,6.63,5.232,1000.728,4.32,2100.191,9.067,-2.54,0.678,,,,,231636065,6911865219272,2.91,11.39253104575164,0.2273594771241832
United States,1982,4447.08,19.019,28.266,0.121,1482.816,6.342,4.99,931.366,3.983,1990.254,8.512,-5.1,0.656,,,,,233821851,6782206660350,2.842,10.746593137254905,0.2209248366013072
United States,1983,4429.187,18.765,30.252,0.128,1546.103,6.55,5.089,874.067,3.703,1963.774,8.32,-0.4,0.627,,,,,236030236,7066236748706,2.714,11.064253267973854,0.22243464052287618
United States,1984,4661.921,19.567,32.712,0.137,1651.497,6.932,5.789,922.784,3.873,2038.576,8.556,5.25,0.615,,,,,238256849,7581107814192,2.666,11.079908496732035,0.2143513071895425
United States,1985,4652.383,19.345,31.513,0.131,1684.175,7.003,5.1,890.373,3.702,2030.806,8.444,-0.2,0.591,,,,,240499822,7874872063509,2.558,10.795741830065358,0.24318464052287603
United States,1986,4663.165,19.209,32.651,0.134,1647.44,6.786,5.243,847.113,3.49,2121.108,8.737,0.23,0.572,,,,,242763137,8146028056750,2.488,11.614053921568628,0.23206045751634
United States,1987,4825.445,19.692,32.773,0.134,1729.182,7.056,6.632,889.879,3.631,2156.49,8.8,3.48,0.572,,,,,245052780,8432566701090,2.487,11.692710784313725,0.21162908496732008
United States,1988,5050.268,20.416,33.043,0.134,1814.339,7.334,7.643,935.276,3.781,2248.597,9.09,4.66,0.575,,,,,247372258,8787202970282,2.494,11.198328431372559,0.2105571895424837
United States,1989,5131.927,20.55,33.06,0.132,1859.69,7.447,7.595,971.29,3.889,2248.849,9.005,1.62,0.564,,,,,249725809,9091291414932,2.469,10.79261111111111,0.23282026143790857
United States,1990,5113.455,20.282,33.484,0.133,1841.986,7.306,41.757,1033.673,4.1,2138.355,8.482,-0.36,0.553,767.47,3.044,250.21,0.992,252120309,9250377703908,2.432,11.990401960784316,0.23557516339869286
United States,1991,5057.931,19.871,32.736,0.129,1827.639,7.18,41.137,1056.686,4.151,2076.071,8.156,-1.09,0.547,770.75,3.028,251.51,0.988,254539371,9243499104827.13,2.431,11.841254901960784,0.1943709150326797
United States,1992,5167.481,20.108,32.993,0.128,1850.697,7.201,40.963,1091.238,4.246,2128.09,8.281,2.17,0.54,769.59,2.995,257.86,1.003,256990608,9572148077262.13,2.383,11.091531045751644,0.24725000000000016
United States,1993,5267.343,20.296,34.838,0.134,1908.247,7.353,40.82,1119.02,4.312,2141.496,8.251,1.93,0.536,752.41,2.899,262.64,1.012,259532130,9834941438742.81,2.366,10.74338071895425,0.21510130718954235
United States,1994,5358.824,20.435,36.31,0.138,1920.743,7.324,40.965,1145.894,4.37,2190.663,8.354,1.74,0.524,759.44,2.896,270.67,1.032,262241204,10232022095755.9,2.325,11.31936928104576,0.2141895424836601
United States,1995,5421.502,20.446,37.075,0.14,1942.302,7.325,39.41,1194.544,4.505,2180.865,8.225,1.17,0.516,746.77,2.816,273.53,1.032,265163740,10510263403545.8,2.307,11.291532679738571,0.1969101307189543
United States,1996,5610.582,20.909,37.309,0.139,2024.058,7.543,38.032,1215.071,4.528,2267.652,8.451,3.49,0.514,740.53,2.76,281.25,1.048,268335007,10909166962298.9,2.297,10.78132352941177,0.18852614379084962
United States,1997,5686.465,20.928,38.561,0.142,2067.227,7.608,38.183,1223.335,4.502,2290.998,8.432,1.35,0.499,723.75,2.664,274.45,1.01,271713634,11398757037580.9,2.213,11.067457516339868,0.21442973856209158
United States,1998,5731.05,20.827,39.461,0.143,2094.976,7.613,35.863,1200.762,4.364,2330.846,8.47,0.78,0.481,704.8,2.561,271.12,0.985,275175309,11906028764803.4,2.134,12.423116013071883,0.18936111111111106
United States,1999,5804.669,20.839,40.239,0.144,2100.317,7.54,35.834,1204.715,4.325,2394.437,8.596,1.28,0.466,690.45,2.479,266.72,0.958,278548148,12463819225180,2.067,12.016274509803923,0.19565196078431374
United States,2000,6010.508,21.336,41.445,0.147,2179.839,7.738,36.182,1257.599,4.464,2469.14,8.765,3.55,0.463,680.81,2.417,263.87,0.937,281710914,12973842114208.7,2.033,11.483879084967317,0.20814215686274515
United States,2001,5904.882,20.747,41.613,0.146,2115.059,7.432,35.931,1204.741,4.233,2481.985,8.721,-1.76,0.451,672.66,2.363,255.32,0.897,284607992,13100471023245.5,1.97,11.901727124182997,0.2022287581699347
United States,2002,5946.771,20.7,43.164,0.15,2119.322,7.377,36.572,1244.766,4.333,2476.57,8.621,0.71,0.446,660.48,2.299,255.98,0.891,287279312,13334491259387.6,1.968,11.849434640522873,0.20078758169934655
United States,2003,6011.837,20.744,43.349,0.15,2158.577,7.448,36.43,1211.115,4.179,2537.209,8.755,1.09,0.438,660.05,2.277,260.7,0.9,289815567,13708809342467.6,1.917,11.45333823529412,0.24388398692810467
United States,2004,6114.007,20.913,45.886,0.157,2190.331,7.492,36.825,1217.622,4.165,2596.286,8.881,1.7,0.43,655.25,2.241,259.39,0.887,292354663,14227881723039.1,1.886,11.55825980392158,0.21699509803921563
United States,2005,6134.521,20.795,46.194,0.157,2214.838,7.508,37.244,1199.296,4.066,2608.477,8.842,0.34,0.417,652.8,2.213,258.41,0.876,294993509,14703731926204.1,1.822,11.838351307189546,0.18927124183006547
United States,2006,6051.668,20.324,46.851,0.157,2183.112,7.332,37.824,1182.916,3.973,2570.893,8.634,-1.35,0.401,653.66,2.195,260.68,0.875,297758977,15095883825899.2,1.76,12.23848366013071,0.22802450980392197
United States,2007,6131.004,20.395,45.509,0.151,2208.712,7.348,38.375,1257.55,4.183,2551.51,8.488,1.31,0.399,646.6,2.151,264.1,0.879,300608425,15364464463208.4,1.75,11.882253267973866,0.20112908496732035
United States,2008,5914.078,19.487,41.416,0.136,2174.329,7.164,39.847,1266.645,4.174,2363.676,7.788,-3.54,0.386,660.1,2.175,249.17,0.821,303486022,15319730510090.9,1.718,11.193653594771247,0.20002450980392175
United States,2009,5478.21,17.885,29.615,0.097,1905.943,6.222,39.071,1245.742,4.067,2233.033,7.29,-7.37,0.368,649.89,2.122,241.81,0.789,306307565,14894294049817.7,1.676,11.156326797385622,0.22011437908496706
United States,2010,5675.786,18.368,31.449,0.102,2013.304,6.515,41.343,1308.832,4.236,2250.504,7.283,3.61,0.372,650.38,2.105,247.17,0.8,309011469,15270621692550.6,1.688,11.732877450980393,0.2113513071895425
United States,2011,5540.173,17.781,32.208,0.103,1903.555,6.109,45.542,1327.528,4.261,2201.747,7.066,-2.39,0.357,628.73,2.018,255.55,0.82,311584051,15509302195602.5,1.65,11.81109313725489,0.23282516339869283
United States,2012,5338.698,17,35.27,0.112,1684.037,5.362,48.883,1388.255,4.421,2152.124,6.853,-3.64,0.337,618.71,1.97,246.42,0.785,314043885,15849635251847.4,1.567,12.761841503267974,0.26933986928104586
United States,2013,5474.257,17.302,36.369,0.115,1740.833,5.502,54.647,1427.506,4.512,2184.125,6.903,2.54,0.34,619.02,1.956,247.39,0.782,316400539,16108428789894.6,1.589,13.098420479302833,0.33810239651416135
